{
  "associatedToAll": false,
  "associatedTypes": [
    "Code42 Security Alert"
  ],
  "breachScript": "",
  "caseInsensitive": true,
  "cliName": "code42alertdescription",
  "closeForm": false,
  "columns": null,
  "content": true,
  "defaultRows": null,
  "description": "",
  "editForm": true,
  "fieldCalcScript": "",
  "group": 0,
  "hidden": false,
  "id": "incident_code42alertdescription",
  "isReadOnly": false,
  "locked": false,
  "mergeStrategy": "",
  "name": "Code42 SecurityAlert Description",
  "neverSetAsRequired": false,
  "ownerOnly": false,
  "placeholder": "",
  "required": false,
  "script": "",
  "selectValues": null,
  "sla": 0,
  "sortValues": null,
  "system": false,
  "systemAssociatedTypes": null,
  "threshold": 72,
  "type": "shortText",
  "unmapped": false,
  "unsearchable": false,
  "useAsKpi": false,
  "validatedError": "",
  "validationRegex": "",
  "version": -1,
  "fromVersion": "5.0.0"
}