{
	"associatedToAll": false,
	"associatedTypes": [
		"Code42 Security Alert"
	],
	"breachScript": "",
	"caseInsensitive": true,
	"cliName": "code42fileevents",
	"closeForm": false,
	"columns": [
		{
			"displayName": "eventTimestamp",
			"fieldCalcScript": "",
			"isDefault": true,
			"isReadOnly": false,
			"key": "eventtimestamp",
			"required": false,
			"script": "",
			"selectValues": null,
			"type": "date",
			"width": 150
		},
		{
			"displayName": "eventType",
			"fieldCalcScript": "",
			"isDefault": true,
			"isReadOnly": false,
			"key": "eventtype",
			"required": false,
			"script": "",
			"selectValues": null,
			"type": "shortText",
			"width": 150
		},
		{
			"displayName": "exposure",
			"fieldCalcScript": "",
			"isDefault": true,
			"isReadOnly": false,
			"key": "exposure",
			"required": false,
			"script": "",
			"selectValues": null,
			"type": "shortText",
			"width": 150
		},
		{
			"displayName": "fileName",
			"fieldCalcScript": "",
			"isDefault": true,
			"isReadOnly": false,
			"key": "filename",
			"required": false,
			"script": "",
			"selectValues": null,
			"type": "shortText",
			"width": 150
		},
		{
			"displayName": "filePath",
			"fieldCalcScript": "",
			"isDefault": true,
			"isReadOnly": false,
			"key": "filepath",
			"required": false,
			"script": "",
			"selectValues": null,
			"type": "shortText",
			"width": 150
		},
		{
			"displayName": "fileSize",
			"fieldCalcScript": "",
			"isDefault": true,
			"isReadOnly": false,
			"key": "filesize",
			"required": false,
			"script": "",
			"selectValues": null,
			"type": "number",
			"width": 150
		},
		{
			"displayName": "fileCategory",
			"fieldCalcScript": "",
			"isDefault": true,
			"isReadOnly": false,
			"key": "filecategory",
			"required": false,
			"script": "",
			"selectValues": null,
			"type": "shortText",
			"width": 150
		},
		{
			"displayName": "md5Checksum",
			"fieldCalcScript": "",
			"isDefault": true,
			"isReadOnly": false,
			"key": "md5checksum",
			"required": false,
			"script": "",
			"selectValues": null,
			"type": "shortText",
			"width": 150
		},
		{
			"displayName": "sha256Checksum",
			"fieldCalcScript": "",
			"isDefault": true,
			"isReadOnly": false,
			"key": "sha256checksum",
			"required": false,
			"script": "",
			"selectValues": null,
			"type": "shortText",
			"width": 150
		},
		{
			"displayName": "deviceUserName",
			"fieldCalcScript": "",
			"isDefault": true,
			"isReadOnly": false,
			"key": "deviceusername",
			"required": false,
			"script": "",
			"selectValues": null,
			"type": "shortText",
			"width": 150
		},
		{
			"displayName": "actor",
			"fieldCalcScript": "",
			"isDefault": true,
			"isReadOnly": false,
			"key": "actor",
			"required": false,
			"script": "",
			"selectValues": null,
			"type": "shortText",
			"width": 150
		},
		{
			"displayName": "OSHostName",
			"fieldCalcScript": "",
			"isDefault": true,
			"isReadOnly": false,
			"key": "oshostname",
			"required": false,
			"script": "",
			"selectValues": null,
			"type": "shortText",
			"width": 150
		},
		{
			"displayName": "privateIpAddresses",
			"fieldCalcScript": "",
			"isDefault": true,
			"isReadOnly": false,
			"key": "privateipaddresses",
			"required": false,
			"script": "",
			"selectValues": null,
			"type": "shortText",
			"width": 150
		},
		{
			"displayName": "publicIpAddress",
			"fieldCalcScript": "",
			"isDefault": true,
			"isReadOnly": false,
			"key": "publicipaddress",
			"required": false,
			"script": "",
			"selectValues": null,
			"type": "shortText",
			"width": 150
		},
		{
			"displayName": "removableMediaVendor",
			"fieldCalcScript": "",
			"isDefault": true,
			"isReadOnly": false,
			"key": "removablemediavendor",
			"required": false,
			"script": "",
			"selectValues": null,
			"type": "shortText",
			"width": 150
		},
		{
			"displayName": "removableMediaMediaName",
			"fieldCalcScript": "",
			"isDefault": true,
			"isReadOnly": false,
			"key": "removablemediamedianame",
			"required": false,
			"script": "",
			"selectValues": null,
			"type": "shortText",
			"width": 150
		},
		{
			"displayName": "removableMediaSerialNumber",
			"fieldCalcScript": "",
			"isDefault": true,
			"isReadOnly": false,
			"key": "removablemediaserialnumber",
			"required": false,
			"script": "",
			"selectValues": null,
			"type": "shortText",
			"width": 150
		},
		{
			"displayName": "shared",
			"fieldCalcScript": "",
			"isDefault": true,
			"isReadOnly": false,
			"key": "shared",
			"required": false,
			"script": "",
			"selectValues": null,
			"type": "shortText",
			"width": 150
		},
		{
			"displayName": "sharedWith",
			"fieldCalcScript": "",
			"isDefault": true,
			"isReadOnly": false,
			"key": "sharedwith",
			"required": false,
			"script": "",
			"selectValues": null,
			"type": "shortText",
			"width": 150
		},
		{
			"displayName": "url",
			"fieldCalcScript": "",
			"isDefault": true,
			"isReadOnly": false,
			"key": "url",
			"required": false,
			"script": "",
			"selectValues": null,
			"type": "shortText",
			"width": 150
		},
		{
			"displayName": "processName",
			"fieldCalcScript": "",
			"isDefault": true,
			"isReadOnly": false,
			"key": "processname",
			"required": false,
			"script": "",
			"selectValues": null,
			"type": "shortText",
			"width": 150
		},
		{
			"displayName": "windowTitle",
			"fieldCalcScript": "",
			"isDefault": true,
			"isReadOnly": false,
			"key": "windowtitle",
			"required": false,
			"script": "",
			"selectValues": null,
			"type": "shortText",
			"width": 150
		},
		{
			"displayName": "tabUrl",
			"fieldCalcScript": "",
			"isDefault": true,
			"isReadOnly": false,
			"key": "taburl",
			"required": false,
			"script": "",
			"selectValues": null,
			"type": "shortText",
			"width": 150
		},
		{
			"displayName": "emailSubject",
			"fieldCalcScript": "",
			"isDefault": true,
			"isReadOnly": false,
			"key": "emailsubject",
			"required": false,
			"script": "",
			"selectValues": null,
			"type": "shortText",
			"width": 150
		},
		{
			"displayName": "emailSender",
			"fieldCalcScript": "",
			"isDefault": true,
			"isReadOnly": false,
			"key": "emailsender",
			"required": false,
			"script": "",
			"selectValues": null,
			"type": "shortText",
			"width": 150
		},
		{
			"displayName": "emailRecipients",
			"fieldCalcScript": "",
			"isDefault": true,
			"isReadOnly": false,
			"key": "emailrecipients",
			"required": false,
			"script": "",
			"selectValues": null,
			"type": "shortText",
			"width": 150
		}
	],
	"content": true,
	"defaultRows": [
		{},
		{},
		{}
	],
	"description": "",
	"editForm": true,
	"fieldCalcScript": "",
	"group": 0,
	"hidden": false,
	"id": "incident_code42fileevents",
	"isReadOnly": false,
	"locked": false,
	"name": "Code42 File Events",
	"neverSetAsRequired": false,
	"ownerOnly": false,
	"placeholder": "",
	"required": false,
	"script": "",
	"selectValues": [],
	"sla": 0,
	"sortValues": null,
	"system": false,
	"systemAssociatedTypes": null,
	"threshold": 72,
	"type": "grid",
	"unmapped": false,
	"unsearchable": false,
	"useAsKpi": false,
	"validatedError": "",
	"validationRegex": "",
	"version": -1,
	"fromVersion": "5.0.0"
}
