{
    "name": "Red Canary",
    "description": "Red Canary collects endpoint data using Carbon Black Response and CrowdStrike Falcon.  The collected data is standardized into a common schema which allows teams to detect, analyze and respond to security incidents.",
    "support": "xsoar",
    "currentVersion": "1.0.4",
    "author": "Cortex XSOAR",
    "url": "https://www.paloaltonetworks.com/cortex",
    "email": "",
    "created": "2020-04-14T00:00:00Z",
    "categories": [
        "Endpoint"
    ],
    "tags": [],
    "useCases": [],
    "keywords": []
}