{
    "id": "Expanse Appearance",
    "group": "incident",
    "name": "Expanse Appearance Incident",
    "description": "",
    "version": -1,
    "fromVersion": "6.0.0",
    "detailsV2": {
        "tabs": [
            {
                "id": "caseinfoid",
                "name": "Incident Info",
                "sections": [
                    {
                        "displayType": "ROW",
                        "h": 2,
                        "i": "caseinfoid-fce71720-98b0-11e9-97d7-ed26ef9e46c8",
                        "isVisible": true,
                        "items": [
                            {
                                "endCol": 2,
                                "fieldId": "type",
                                "height": 24,
                                "id": "incident-type-field",
                                "index": 0,
                                "startCol": 0
                            },
                            {
                                "endCol": 2,
                                "fieldId": "expanseexposuretype",
                                "height": 24,
                                "id": "1f5c1220-48f0-11ea-ade3-abbb3423f45b",
                                "index": 1,
                                "startCol": 0
                            },
                            {
                                "dropEffect": "move",
                                "endCol": 2,
                                "fieldId": "expanseseverity",
                                "height": 24,
                                "id": "2249e340-48f0-11ea-ade3-abbb3423f45b",
                                "index": 2,
                                "listId": "caseinfoid-fce71720-98b0-11e9-97d7-ed26ef9e46c8",
                                "startCol": 0
                            },
                            {
                                "endCol": 2,
                                "fieldId": "severity",
                                "height": 24,
                                "id": "incident-severity-field",
                                "index": 3,
                                "startCol": 0
                            },
                            {
                                "endCol": 2,
                                "fieldId": "owner",
                                "height": 24,
                                "id": "incident-owner-field",
                                "index": 4,
                                "startCol": 0
                            },
                            {
                                "endCol": 2,
                                "fieldId": "sourcebrand",
                                "height": 24,
                                "id": "incident-sourceBrand-field",
                                "index": 5,
                                "startCol": 0
                            },
                            {
                                "endCol": 2,
                                "fieldId": "sourceinstance",
                                "height": 24,
                                "id": "incident-sourceInstance-field",
                                "index": 6,
                                "startCol": 0
                            },
                            {
                                "endCol": 2,
                                "fieldId": "playbookid",
                                "height": 24,
                                "id": "incident-playbookId-field",
                                "index": 7,
                                "startCol": 0
                            },
                            {
                                "endCol": 2,
                                "fieldId": "dbotsource",
                                "height": 24,
                                "id": "incident-source-field",
                                "index": 8,
                                "startCol": 0
                            }
                        ],
                        "name": "Case Details",
                        "w": 1,
                        "x": 0,
                        "y": 0
                    },
                    {
                        "h": 2,
                        "i": "caseinfoid-61263cc0-98b1-11e9-97d7-ed26ef9e46c8",
                        "name": "Notes",
                        "type": "notes",
                        "w": 1,
                        "x": 2,
                        "y": 0
                    },
                    {
                        "displayType": "ROW",
                        "h": 2,
                        "i": "caseinfoid-6aabad20-98b1-11e9-97d7-ed26ef9e46c8",
                        "name": "Work Plan",
                        "type": "workplan",
                        "w": 1,
                        "x": 1,
                        "y": 0
                    },
                    {
                        "displayType": "ROW",
                        "h": 2,
                        "i": "caseinfoid-770ec200-98b1-11e9-97d7-ed26ef9e46c8",
                        "isVisible": true,
                        "name": "Linked Incidents",
                        "type": "linkedIncidents",
                        "w": 1,
                        "x": 1,
                        "y": 6
                    },
                    {
                        "displayType": "ROW",
                        "h": 2,
                        "i": "caseinfoid-842632c0-98b1-11e9-97d7-ed26ef9e46c8",
                        "name": "Child Incidents",
                        "type": "childInv",
                        "w": 1,
                        "x": 2,
                        "y": 4
                    },
                    {
                        "displayType": "ROW",
                        "h": 2,
                        "i": "caseinfoid-4a31afa0-98ba-11e9-a519-93a53c759fe0",
                        "name": "Evidence",
                        "type": "evidence",
                        "w": 1,
                        "x": 2,
                        "y": 2
                    },
                    {
                        "displayType": "ROW",
                        "h": 2,
                        "hideName": false,
                        "i": "caseinfoid-7717e580-9bed-11e9-9a3f-8b4b2158e260",
                        "name": "Team Members",
                        "type": "team",
                        "w": 1,
                        "x": 2,
                        "y": 6
                    },
                    {
                        "displayType": "ROW",
                        "h": 2,
                        "i": "caseinfoid-7ce69dd0-a07f-11e9-936c-5395a1acf11e",
                        "name": "Indicators",
                        "query": "",
                        "queryType": "input",
                        "type": "indicators",
                        "w": 2,
                        "x": 0,
                        "y": 4
                    },
                    {
                        "displayType": "CARD",
                        "h": 2,
                        "i": "caseinfoid-ac32f620-a0b0-11e9-b27f-13ae1773d289",
                        "items": [
                            {
                                "endCol": 1,
                                "fieldId": "occurred",
                                "height": 24,
                                "id": "incident-occurred-field",
                                "index": 0,
                                "startCol": 0
                            },
                            {
                                "endCol": 1,
                                "fieldId": "dbotmodified",
                                "height": 24,
                                "id": "incident-modified-field",
                                "index": 1,
                                "startCol": 0
                            },
                            {
                                "endCol": 2,
                                "fieldId": "dbotduedate",
                                "height": 24,
                                "id": "incident-dueDate-field",
                                "index": 2,
                                "startCol": 0
                            },
                            {
                                "endCol": 2,
                                "fieldId": "dbotcreated",
                                "height": 24,
                                "id": "incident-created-field",
                                "index": 0,
                                "startCol": 1
                            },
                            {
                                "endCol": 2,
                                "fieldId": "dbotclosed",
                                "height": 24,
                                "id": "incident-closed-field",
                                "index": 1,
                                "startCol": 1
                            }
                        ],
                        "name": "Timeline Information",
                        "w": 1,
                        "x": 0,
                        "y": 2
                    },
                    {
                        "displayType": "ROW",
                        "h": 2,
                        "i": "caseinfoid-88e6bf70-a0b1-11e9-b27f-13ae1773d289",
                        "isVisible": true,
                        "items": [
                            {
                                "endCol": 2,
                                "fieldId": "dbotclosed",
                                "height": 24,
                                "id": "incident-dbotClosed-field",
                                "index": 0,
                                "startCol": 0
                            },
                            {
                                "endCol": 2,
                                "fieldId": "closereason",
                                "height": 24,
                                "id": "incident-closeReason-field",
                                "index": 1,
                                "startCol": 0
                            },
                            {
                                "endCol": 2,
                                "fieldId": "closenotes",
                                "height": 24,
                                "id": "incident-closeNotes-field",
                                "index": 2,
                                "startCol": 0
                            }
                        ],
                        "name": "Closing Information",
                        "w": 1,
                        "x": 0,
                        "y": 6
                    },
                    {
                        "displayType": "CARD",
                        "h": 2,
                        "i": "caseinfoid-e54b1770-a0b1-11e9-b27f-13ae1773d289",
                        "isVisible": true,
                        "items": [
                            {
                                "endCol": 2,
                                "fieldId": "details",
                                "height": 24,
                                "id": "incident-details-field",
                                "index": 0,
                                "startCol": 0
                            }
                        ],
                        "name": "Investigation Data",
                        "w": 1,
                        "x": 1,
                        "y": 2
                    }
                ],
                "type": "custom"
            },
            {
                "id": "warRoom",
                "name": "War Room",
                "type": "warRoom"
            },
            {
                "id": "workPlan",
                "name": "Work Plan",
                "type": "workPlan"
            },
            {
                "id": "evidenceBoard",
                "name": "Evidence Board",
                "type": "evidenceBoard"
            },
            {
                "id": "relatedIncidents",
                "name": "Related Incidents",
                "type": "relatedIncidents"
            },
            {
                "id": "canvas",
                "name": "Canvas",
                "type": "canvas"
            }
        ]
    }
}