{
    "id": "indicator_mitretype",
    "version": -1,
    "modified": "2020-05-06T12:29:08.320428307Z",
    "sortValues": null,
    "vcShouldIgnore": false,
    "commitMessage": "",
    "shouldCommit": false,
    "name": "MITRE Type",
    "prevName": "MITRE Type",
    "ownerOnly": false,
    "placeholder": "",
    "description": "",
    "cliName": "mitretype",
    "type": "shortText",
    "closeForm": false,
    "editForm": true,
    "required": false,
    "script": "",
    "fieldCalcScript": "",
    "neverSetAsRequired": false,
    "isReadOnly": false,
    "selectValues": null,
    "validationRegex": "",
    "useAsKpi": false,
    "locked": false,
    "system": false,
    "content": true,
    "group": 2,
    "mergeStrategy": "",
    "hidden": false,
    "associatedTypes": [
        "MITRE ATT&CK"
    ],
    "systemAssociatedTypes": null,
    "associatedToAll": false,
    "unmapped": false,
    "unsearchable": false,
    "caseInsensitive": true,
    "columns": null,
    "defaultRows": null,
    "sla": 0,
    "threshold": 72,
    "breachScript": "",
    "validatedError": "",
    "fromVersion": "5.5.0"
}