{
	"id": "indicator_mitrekillchainphases",
	"version": -1,
	"modified": "2020-04-02T15:08:02.492997385Z",
	"sortValues": null,
	"vcShouldIgnore": false,
	"commitMessage": "",
	"shouldCommit": false,
	"name": "MITRE Kill Chain Phases",
	"prevName": "MITRE Kill Chain Phases",
	"ownerOnly": false,
	"placeholder": "",
	"description": "",
	"cliName": "mitrekillchainphases",
	"type": "grid",
	"closeForm": false,
	"editForm": true,
	"required": false,
	"script": "",
	"fieldCalcScript": "",
	"neverSetAsRequired": false,
	"isReadOnly": false,
	"selectValues": null,
	"validationRegex": "",
	"useAsKpi": false,
	"locked": false,
	"system": false,
	"content": true,
	"group": 2,
	"mergeStrategy": "",
	"hidden": false,
	"associatedTypes": [
		"MITRE ATT&CK"
	],
	"systemAssociatedTypes": null,
	"associatedToAll": false,
	"unmapped": false,
	"unsearchable": false,
	"caseInsensitive": true,
	"columns": [
		{
			"key": "kill_chain_name",
			"displayName": "kill_chain_name",
			"type": "shortText",
			"required": false,
			"script": "",
			"width": 150,
			"isDefault": true,
			"fieldCalcScript": "",
			"isReadOnly": false,
			"selectValues": null
		},
		{
			"key": "phase_name",
			"displayName": "phase_name",
			"type": "shortText",
			"required": false,
			"script": "",
			"width": 150,
			"isDefault": true,
			"fieldCalcScript": "",
			"isReadOnly": false,
			"selectValues": null
		}
	],
	"defaultRows": [
		{},
		{}
	],
	"sla": 0,
	"threshold": 72,
	"breachScript": "",
	"validatedError": "",
	"fromVersion": "5.5.0"
}