{
	"id": "indicator_mitreexternalreferences",
	"version": -1,
	"modified": "2020-04-02T15:08:30.420979614Z",
	"sortValues": null,
	"vcShouldIgnore": false,
	"commitMessage": "",
	"shouldCommit": false,
	"name": "MITRE External References",
	"prevName": "MITRE External References",
	"ownerOnly": false,
	"placeholder": "",
	"description": "",
	"cliName": "mitreexternalreferences",
	"type": "grid",
	"closeForm": false,
	"editForm": true,
	"required": false,
	"script": "",
	"fieldCalcScript": "",
	"neverSetAsRequired": false,
	"isReadOnly": false,
	"selectValues": [],
	"validationRegex": "",
	"useAsKpi": false,
	"locked": false,
	"system": false,
	"content": true,
	"group": 2,
	"mergeStrategy": "",
	"hidden": false,
	"associatedTypes": [
		"MITRE ATT&CK"
	],
	"systemAssociatedTypes": null,
	"associatedToAll": true,
	"unmapped": false,
	"unsearchable": false,
	"caseInsensitive": true,
	"columns": [
		{
			"key": "source_name",
			"displayName": "source_name",
			"type": "shortText",
			"required": false,
			"script": "",
			"width": 150,
			"isDefault": true,
			"fieldCalcScript": "",
			"isReadOnly": false,
			"selectValues": null
		},
		{
			"key": "url",
			"displayName": "url",
			"type": "shortText",
			"required": false,
			"script": "",
			"width": 150,
			"isDefault": true,
			"fieldCalcScript": "",
			"isReadOnly": false,
			"selectValues": null
		},
		{
			"key": "external_id",
			"displayName": "external_id",
			"type": "shortText",
			"required": false,
			"script": "",
			"width": 150,
			"isDefault": true,
			"fieldCalcScript": "",
			"isReadOnly": false,
			"selectValues": null
		}
	],
	"defaultRows": [
		{},
		{},
		{}
	],
	"sla": 0,
	"threshold": 72,
	"breachScript": "",
	"validatedError": "",
	"fromVersion": "5.5.0"
}