{
    "name": "BitDam",
    "description": "BitDam secure email gateway protects from advanced content-borne threats with the most accurate prevention of known and unknown threats, at their source.",
    "support": "partner",
    "currentVersion": "1.0.0",
    "author": "BitDam",
    "url": "",
    "email": "info@bitdam.com",
    "created": "2020-04-14T00:00:00Z",
    "categories": [
        "Email Gateway"
    ],
    "tags": [],
    "useCases": [],
    "keywords": [],
    "githubUser": [
        "noamm91"
    ]
}
