{
    "name": "Microsoft Azure AD Connect Health Feed",
    "description": "Indicator feed from Microsoft Azure AD Connect Health endpoints, fetching URLs and DomainGlobs used by Azure AD, with which you can create a list (allowlist, EDL, etc.) for your SIEM or firewall service to ingest and apply to its policy rules.",
    "support": "xsoar",
    "currentVersion": "1.0.0",
    "author": "Cortex XSOAR",
    "url": "https://www.paloaltonetworks.com/cortex",
    "email": "",
    "created": "2020-06-04T05:07:23Z",
    "categories": [
        "Data Enrichment & Threat Intelligence"
    ],
    "tags": [],
    "useCases": [],
    "keywords": [
        "Azure",
        "Feed"
    ]
}