{
    "name": "Bastille Networks",
    "description": "RF monitoring for wireless intrusion detection and policy enforcement. Visit https://www.bastille.net for details.",
    "support": "partner",
    "currentVersion": "1.0.0",
    "author": "Bastille Networks",
    "url": "https://www.bastille.net",
    "email": "info@bastille.net",
    "categories": [
        "Network Security"
    ],
    "tags": [
        "RF"
    ],
    "created": "2020-05-07T16:59:04Z",
    "useCases": [],
    "keywords": [],
    "githubUser": [
        "sszilvasi"
    ]
}
