{
    "name": "Carbon Black Enterprise Protection",
    "description": "Carbon Black Enterprise Protection is a next-generation endpoint threat prevention solution to deliver a portfolio of protection policies, real-time visibility across environments, and comprehensive compliance rule sets in a single platform.",
    "support": "xsoar",
    "currentVersion": "1.0.3",
    "author": "Cortex XSOAR",
    "url": "https://www.paloaltonetworks.com/cortex",
    "email": "",
    "created": "2020-04-14T00:00:00Z",
    "categories": [
        "Endpoint"
    ],
    "tags": [],
    "useCases": [],
    "keywords": []
}