{
  "name": "RSA NetWitness Packets and Logs",
  "description": "RSA NetWitness Logs and Packets decoders are responsible for the real-time collection of network data. The decode captures data in real time and can normalize and reconstruct data for full session analysis. In addition, the decoder can collect flow and endpoint data.",
  "support": "xsoar",
  "currentVersion": "1.0.0",
  "author": "Cortex XSOAR",
  "url": "https://www.paloaltonetworks.com/cortex",
  "email": "",
  "created": "2020-04-14T00:00:00Z",
  "categories": [
    "Analytics & SIEM"
  ],
  "tags": [],
  "useCases": [],
  "keywords": []
}