{
    "id": "HelloWorld",
    "name": "Hello World - Classification",
    "type": "classification",
    "description": "Classifies Hello World alerts.",
    "fromVersion": "6.0.0",
    "defaultIncidentType": "",
    "keyTypeMap": {
        "Hello World Alert": "Hello World Alert"
    },
    "transformer": {
        "complex": {
            "accessor": "",
            "filters": [
                [
                    {
                        "ignoreCase": false,
                        "left": {
                            "isContext": true,
                            "value": {
                                "complex": null,
                                "simple": "name"
                            }
                        },
                        "operator": "startWith",
                        "right": {
                            "isContext": false,
                            "value": {
                                "complex": null,
                                "simple": "Hello World Alert"
                            }
                        }
                    }
                ]
            ],
            "root": "name",
            "transformers": [
                {
                    "args": {
                        "from": {
                            "isContext": false,
                            "value": {
                                "complex": null,
                                "simple": "0"
                            }
                        },
                        "to": {
                            "isContext": false,
                            "value": {
                                "complex": null,
                                "simple": "17"
                            }
                        }
                    },
                    "operator": "substring"
                }
            ]
        },
        "simple": ""
    },
    "version": -1
}