{
    "id": "Code42 Security Alert",
    "group": "incident",
    "name": "Code42 Security Alert",
    "description": "",
    "version": -1,
    "fromVersion": "6.0.0",
    "detailsV2": {
        "tabs": [
            {
                "id": "summary",
                "name": "Legacy Summary",
                "type": "summary"
            },
            {
                "id": "caseinfoid",
                "name": "Incident Info",
                "sections": [
                    {
                        "displayType": "ROW",
                        "h": 2,
                        "i": "caseinfoid-fce71720-98b0-11e9-97d7-ed26ef9e46c8",
                        "isVisible": true,
                        "items": [
                            {
                                "endCol": 2,
                                "fieldId": "type",
                                "height": 24,
                                "id": "incident-type-field",
                                "index": 0,
                                "startCol": 0
                            },
                            {
                                "endCol": 2,
                                "fieldId": "severity",
                                "height": 24,
                                "id": "incident-severity-field",
                                "index": 1,
                                "startCol": 0
                            },
                            {
                                "endCol": 2,
                                "fieldId": "owner",
                                "height": 24,
                                "id": "incident-owner-field",
                                "index": 2,
                                "startCol": 0
                            },
                            {
                                "endCol": 2,
                                "fieldId": "dbotsource",
                                "height": 24,
                                "id": "incident-source-field",
                                "index": 3,
                                "startCol": 0
                            },
                            {
                                "endCol": 2,
                                "fieldId": "sourcebrand",
                                "height": 24,
                                "id": "incident-sourceBrand-field",
                                "index": 4,
                                "startCol": 0
                            },
                            {
                                "endCol": 2,
                                "fieldId": "sourceinstance",
                                "height": 24,
                                "id": "incident-sourceInstance-field",
                                "index": 5,
                                "startCol": 0
                            },
                            {
                                "endCol": 2,
                                "fieldId": "playbookid",
                                "height": 24,
                                "id": "incident-playbookId-field",
                                "index": 6,
                                "startCol": 0
                            }
                        ],
                        "moved": false,
                        "name": "Case Details",
                        "static": false,
                        "w": 1,
                        "x": 0,
                        "y": 0
                    },
                    {
                        "h": 2,
                        "i": "caseinfoid-61263cc0-98b1-11e9-97d7-ed26ef9e46c8",
                        "moved": false,
                        "name": "Notes",
                        "static": false,
                        "type": "notes",
                        "w": 1,
                        "x": 2,
                        "y": 0
                    },
                    {
                        "displayType": "ROW",
                        "h": 2,
                        "i": "caseinfoid-6aabad20-98b1-11e9-97d7-ed26ef9e46c8",
                        "moved": false,
                        "name": "Work Plan",
                        "static": false,
                        "type": "workplan",
                        "w": 1,
                        "x": 1,
                        "y": 0
                    },
                    {
                        "displayType": "ROW",
                        "h": 2,
                        "i": "caseinfoid-770ec200-98b1-11e9-97d7-ed26ef9e46c8",
                        "isVisible": true,
                        "moved": false,
                        "name": "Linked Incidents",
                        "static": false,
                        "type": "linkedIncidents",
                        "w": 1,
                        "x": 0,
                        "y": 9
                    },
                    {
                        "displayType": "ROW",
                        "h": 2,
                        "i": "caseinfoid-842632c0-98b1-11e9-97d7-ed26ef9e46c8",
                        "moved": false,
                        "name": "Child Incidents",
                        "static": false,
                        "type": "childInv",
                        "w": 1,
                        "x": 1,
                        "y": 9
                    },
                    {
                        "displayType": "ROW",
                        "h": 2,
                        "hideName": false,
                        "i": "caseinfoid-7717e580-9bed-11e9-9a3f-8b4b2158e260",
                        "moved": false,
                        "name": "Team Members",
                        "static": false,
                        "type": "team",
                        "w": 1,
                        "x": 2,
                        "y": 4
                    },
                    {
                        "displayType": "CARD",
                        "h": 4,
                        "i": "caseinfoid-ac32f620-a0b0-11e9-b27f-13ae1773d289",
                        "items": [
                            {
                                "endCol": 1,
                                "fieldId": "occurred",
                                "height": 55,
                                "id": "incident-occurred-field",
                                "index": 1,
                                "startCol": 0
                            },
                            {
                                "endCol": 1,
                                "fieldId": "dbotmodified",
                                "height": 55,
                                "id": "incident-modified-field",
                                "index": 2,
                                "startCol": 0
                            },
                            {
                                "endCol": 2,
                                "fieldId": "dbotduedate",
                                "height": 55,
                                "id": "incident-dueDate-field",
                                "index": 3,
                                "startCol": 0
                            },
                            {
                                "endCol": 2,
                                "fieldId": "dbotcreated",
                                "height": 55,
                                "id": "incident-created-field",
                                "index": 1,
                                "startCol": 1
                            },
                            {
                                "endCol": 2,
                                "fieldId": "dbotclosed",
                                "height": 55,
                                "id": "incident-closed-field",
                                "index": 2,
                                "startCol": 1
                            }
                        ],
                        "moved": false,
                        "name": "Timeline Information",
                        "static": false,
                        "w": 1,
                        "x": 0,
                        "y": 2
                    },
                    {
                        "displayType": "ROW",
                        "h": 2,
                        "i": "caseinfoid-88e6bf70-a0b1-11e9-b27f-13ae1773d289",
                        "isVisible": true,
                        "items": [
                            {
                                "endCol": 2,
                                "fieldId": "dbotclosed",
                                "height": 24,
                                "id": "incident-dbotClosed-field",
                                "index": 0,
                                "startCol": 0
                            },
                            {
                                "endCol": 2,
                                "fieldId": "closereason",
                                "height": 24,
                                "id": "incident-closeReason-field",
                                "index": 1,
                                "startCol": 0
                            },
                            {
                                "endCol": 2,
                                "fieldId": "closenotes",
                                "height": 48,
                                "id": "incident-closeNotes-field",
                                "index": 2,
                                "startCol": 0
                            }
                        ],
                        "moved": false,
                        "name": "Closing Information",
                        "static": false,
                        "w": 1,
                        "x": 2,
                        "y": 2
                    },
                    {
                        "displayType": "CARD",
                        "h": 4,
                        "i": "caseinfoid-e54b1770-a0b1-11e9-b27f-13ae1773d289",
                        "isVisible": true,
                        "items": [
                            {
                                "dropEffect": "move",
                                "endCol": 2,
                                "fieldId": "name",
                                "height": 55,
                                "id": "f4316c20-598a-11ea-b904-997d555669cb",
                                "index": 0,
                                "listId": "caseinfoid-e54b1770-a0b1-11e9-b27f-13ae1773d289",
                                "startCol": 0
                            },
                            {
                                "endCol": 2,
                                "fieldId": "details",
                                "height": 110,
                                "id": "incident-details-field",
                                "index": 1,
                                "startCol": 0
                            },
                            {
                                "dropEffect": "move",
                                "endCol": 2,
                                "fieldId": "code42alerttype",
                                "height": 55,
                                "id": "66a7ca60-598b-11ea-b904-997d555669cb",
                                "index": 2,
                                "listId": "caseinfoid-e54b1770-a0b1-11e9-b27f-13ae1773d289",
                                "startCol": 0
                            },
                            {
                                "endCol": 2,
                                "fieldId": "employeedisplayname",
                                "height": 55,
                                "id": "9e36d450-5984-11ea-b904-997d555669cb",
                                "index": 3,
                                "startCol": 0
                            },
                            {
                                "endCol": 2,
                                "fieldId": "employeeemail",
                                "height": 55,
                                "id": "a3608bb0-5984-11ea-b904-997d555669cb",
                                "index": 4,
                                "startCol": 0
                            },
                            {
                                "endCol": 2,
                                "fieldId": "employeemanageremail",
                                "height": 55,
                                "id": "a4bc7230-5984-11ea-b904-997d555669cb",
                                "index": 5,
                                "startCol": 0
                            }
                        ],
                        "moved": false,
                        "name": "Investigation Data",
                        "static": false,
                        "w": 1,
                        "x": 1,
                        "y": 2
                    },
                    {
                        "displayType": "ROW",
                        "h": 3,
                        "hideName": false,
                        "i": "caseinfoid-d0b3fb00-5985-11ea-b904-997d555669cb",
                        "items": [
                            {
                                "dropEffect": "move",
                                "endCol": 6,
                                "fieldId": "exfiltratedfilelist",
                                "height": 110,
                                "id": "d857da20-5985-11ea-b904-997d555669cb",
                                "index": 0,
                                "listId": "caseinfoid-d0b3fb00-5985-11ea-b904-997d555669cb",
                                "startCol": 0
                            }
                        ],
                        "maxW": 3,
                        "minH": 1,
                        "minW": 1,
                        "moved": false,
                        "name": "File Events",
                        "static": false,
                        "w": 3,
                        "x": 0,
                        "y": 6
                    }
                ],
                "type": "custom"
            },
            {
                "id": "warRoom",
                "name": "War Room",
                "type": "warRoom"
            },
            {
                "id": "workPlan",
                "name": "Work Plan",
                "type": "workPlan"
            },
            {
                "id": "evidenceBoard",
                "name": "Evidence Board",
                "type": "evidenceBoard"
            },
            {
                "id": "relatedIncidents",
                "name": "Related Incidents",
                "type": "relatedIncidents"
            },
            {
                "id": "canvas",
                "name": "Canvas",
                "type": "canvas"
            }
        ]
    }
}