{
    "name": "Digital Defense Frontline VM",
    "description": "Use the Digital Defense Frontline VM to identify and evaluate the security and business risks of network devices and applications deployed as premise, cloud, or hybrid network-based implementations.",
    "support": "partner",
    "currentVersion": "1.1.1",
    "author": "Digital Defense",
    "url": "https://www.digitaldefense.com/",
    "email": "support@digitaldefense.com",
    "created": "2020-04-14T00:00:00Z",
    "categories": [
        "Vulnerability Management"
    ],
    "tags": [],
    "useCases": [],
    "keywords": []
}