{
    "autorun": false,
    "closureScript": "",
    "color": "#90A4AE",
    "days": 0,
    "daysR": 0,
    "default": false,
    "disabled": false,
    "hours": 0,
    "hoursR": 0,
    "id": "IronDefense IronDome Notification",
    "locked": false,
    "name": "IronDefense IronDome Notification",
    "preProcessingScript": "",
    "readonly": false,
    "reputationCalc": 0,
    "sortValues": null,
    "system": false,
    "version": -1,
    "weeks": 0,
    "weeksR": 0,
    "fromVersion": "5.0.0",
    "layout": "IronDefense IronDome Notification"
}