{
    "fromVersion": "5.0.0",
    "autorun": true,
    "closureScript": "",
    "color": "#fefe01",
    "days": 0,
    "daysR": 0,
    "default": false,
    "disabled": false,
    "hours": 0,
    "hoursR": 0,
    "id": "Impossible Traveler",
    "locked": false,
    "name": "Impossible Traveler",
    "playbookId": "Impossible Traveler",
    "preProcessingScript": "",
    "readonly": false,
    "reputationCalc": 2,
    "system": false,
    "version": -1,
    "weeks": 0,
    "weeksR": 0,
    "layout": "Impossible Traveler"
}