{
    "id": "incident_irondefenseirondomecategory",
    "version": -1,
    "modified": "2020-07-01T18:48:02.57786322-04:00",
    "name": "IronDefense IronDome Category",
    "ownerOnly": false,
    "placeholder": "",
    "description": "",
    "cliName": "irondefenseirondomecategory",
    "type": "singleSelect",
    "closeForm": false,
    "editForm": true,
    "required": false,
    "script": "",
    "fieldCalcScript": "",
    "neverSetAsRequired": false,
    "isReadOnly": false,
    "selectValues": [
        "",
        "None",
        "Participant Added",
        "Comment Added",
        "Community Severity Changed",
        "Community Severity Mismatched",
        "Enterprise Severity Mismatched",
        "Severity Suspicious",
        "Severity Malicious",
        "Joined High Risk",
        "High Cognitive System Score"
    ],
    "validationRegex": "",
    "useAsKpi": false,
    "locked": false,
    "system": false,
    "content": true,
    "group": 0,
    "hidden": false,
    "associatedTypes": [
        "IronDefense IronDome Notification"
    ],
    "systemAssociatedTypes": null,
    "associatedToAll": false,
    "unmapped": false,
    "unsearchable": false,
    "caseInsensitive": true,
    "columns": null,
    "defaultRows": null,
    "sla": 0,
    "threshold": 72,
    "breachScript": "",
    "fromVersion": "5.0.0"
}