{
    "id": "incident_irondefenseprimaryappprotocol",
    "version": -1,
    "modified": "2020-07-01T20:17:45.044997053-04:00",
    "name": "IronDefense Primary App Protocol",
    "ownerOnly": false,
    "placeholder": "",
    "description": "",
    "cliName": "irondefenseprimaryappprotocol",
    "type": "shortText",
    "closeForm": false,
    "editForm": true,
    "required": false,
    "script": "",
    "fieldCalcScript": "",
    "neverSetAsRequired": false,
    "isReadOnly": false,
    "selectValues": null,
    "validationRegex": "",
    "useAsKpi": false,
    "locked": false,
    "system": false,
    "content": true,
    "group": 0,
    "hidden": false,
    "associatedTypes": [
        "IronDefense Event Notification"
    ],
    "systemAssociatedTypes": null,
    "associatedToAll": false,
    "unmapped": false,
    "unsearchable": false,
    "caseInsensitive": true,
    "columns": null,
    "defaultRows": null,
    "sla": 0,
    "threshold": 72,
    "breachScript": "",
    "fromVersion": "5.0.0"
}