{
    "id": "incident_irondefenserawdataformat",
    "version": -1,
    "modified": "2020-07-01T17:46:24.36950636-04:00",
    "name": "IronDefense Raw Data Format",
    "ownerOnly": false,
    "placeholder": "",
    "description": "",
    "cliName": "irondefenserawdataformat",
    "type": "multiSelect",
    "closeForm": false,
    "editForm": true,
    "required": false,
    "script": "",
    "fieldCalcScript": "",
    "neverSetAsRequired": false,
    "isReadOnly": false,
    "selectValues": [
        "Tap",
        "Tap No Pcap Available",
        "Netflow V1",
        "Netflow V5",
        "Netflow V7",
        "Netflow V9",
        "Netflow Ipfix",
        "Vpn Logs",
        "Ids Logs",
        "Ad Logs",
        "Dns Logs",
        "Dhcp Logs",
        "Firewall Logs",
        "Http Proxy Logs",
        "Ot Logs",
        "Aws Vpc Flow Logs V1",
        "Aws Vpc Flow Logs V2",
        "Observed Bad",
        "Cloudtrail Logs",
        "Aws Vpc Flow Logs",
        "Azure Nsg Flow Logs"
    ],
    "validationRegex": "",
    "useAsKpi": false,
    "locked": false,
    "system": false,
    "content": true,
    "group": 0,
    "hidden": false,
    "associatedTypes": [
        "IronDefense Alert Notification",
        "IronDefense Event Notification"
    ],
    "systemAssociatedTypes": null,
    "associatedToAll": false,
    "unmapped": false,
    "unsearchable": false,
    "caseInsensitive": true,
    "columns": null,
    "defaultRows": null,
    "sla": 0,
    "threshold": 72,
    "breachScript": "",
    "fromVersion": "5.0.0"
}