{
    "id": "incident_irondefensecategory",
    "version": -1,
    "modified": "2020-07-01T12:39:13.802393848-04:00",
    "name": "IronDefense Category",
    "ownerOnly": false,
    "placeholder": "",
    "description": "",
    "cliName": "irondefensecategory",
    "type": "singleSelect",
    "closeForm": false,
    "editForm": true,
    "required": false,
    "script": "",
    "fieldCalcScript": "",
    "neverSetAsRequired": false,
    "isReadOnly": false,
    "selectValues": [
        "C2",
        "Action",
        "Access",
        "Recon",
        "Other"
    ],
    "validationRegex": "",
    "useAsKpi": false,
    "locked": false,
    "system": false,
    "content": true,
    "group": 0,
    "hidden": false,
    "associatedTypes": [
        "IronDefense Alert Notification",
        "IronDefense Event Notification"
    ],
    "systemAssociatedTypes": null,
    "associatedToAll": false,
    "unmapped": false,
    "unsearchable": false,
    "caseInsensitive": true,
    "columns": null,
    "defaultRows": null,
    "sla": 0,
    "threshold": 72,
    "breachScript": "",
    "fromVersion": "5.0.0"
}