{
    "id": "incident_irondefensestatus",
    "version": -1,
    "modified": "2020-07-01T13:44:29.209870172-04:00",
    "name": "IronDefense Status",
    "ownerOnly": false,
    "placeholder": "Awaiting Review, Under Review, Closed",
    "description": "",
    "cliName": "irondefensestatus",
    "type": "singleSelect",
    "closeForm": false,
    "editForm": true,
    "required": false,
    "script": "",
    "fieldCalcScript": "",
    "neverSetAsRequired": false,
    "isReadOnly": false,
    "selectValues": [
        "Awaiting Review",
        "Under Review",
        "Closed"
    ],
    "validationRegex": "",
    "useAsKpi": false,
    "locked": false,
    "system": false,
    "content": true,
    "group": 0,
    "hidden": false,
    "associatedTypes": [
        "IronDefense Alert Notification"
    ],
    "systemAssociatedTypes": null,
    "associatedToAll": false,
    "unmapped": false,
    "unsearchable": false,
    "caseInsensitive": true,
    "columns": null,
    "defaultRows": null,
    "sla": 0,
    "threshold": 72,
    "breachScript": "",
    "fromVersion": "5.0.0"
}