{
    "name": "abuse.ch SSL Blacklist Feed",
    "description": "The SSL IP Blacklist contains all hosts (IP addresses) that SSLBL has seen in the past 30 days and\n  identified as being associated with a malicious SSL certificate.",
    "support": "xsoar",
    "currentVersion": "1.0.2",
    "author": "Cortex XSOAR",
    "url": "https://www.paloaltonetworks.com/cortex",
    "email": "",
    "created": "2020-03-09T16:35:16Z",
    "categories": [
        "Data Enrichment & Threat Intelligence"
    ],
    "tags": [],
    "useCases": [],
    "keywords": []
}