{
	"fromVersion": "5.0.0",
	"associatedToAll": false,
	"associatedTypes": [
		"Impossible Traveler"
	],
	"breachScript": "",
	"caseInsensitive": true,
	"cliName": "previouscoordinates",
	"closeForm": false,
	"columns": null,
	"content": true,
	"defaultRows": null,
	"description": "The coordinates of the location from which the user previously logged in.",
	"editForm": true,
	"fieldCalcScript": "",
	"group": 0,
	"hidden": false,
	"id": "incident_previouscoordinates",
	"isReadOnly": false,
	"locked": false,
	"name": "Previous Coordinates",
	"neverSetAsRequired": false,
	"ownerOnly": false,
	"placeholder": "",
	"required": false,
	"script": "",
	"selectValues": null,
	"sla": 0,
	"system": false,
	"systemAssociatedTypes": null,
	"threshold": 72,
	"type": "shortText",
	"unmapped": false,
	"unsearchable": false,
	"useAsKpi": false,
	"validationRegex": "",
	"version": -1
}