{
	"fromVersion": "5.0.0",
	"associatedToAll": false,
	"associatedTypes": [
		"Impossible Traveler"
	],
	"breachScript": "",
	"caseInsensitive": true,
	"cliName": "previoussignindatetime",
	"closeForm": false,
	"columns": null,
	"content": true,
	"defaultRows": null,
	"description": "The date and time when the first sign in of the user occured, in ISO-8601 format.",
	"editForm": true,
	"fieldCalcScript": "",
	"group": 0,
	"hidden": false,
	"id": "incident_previoussignindatetime",
	"isReadOnly": false,
	"locked": false,
	"name": "Previous Sign In Date Time",
	"neverSetAsRequired": false,
	"ownerOnly": false,
	"placeholder": "",
	"required": false,
	"script": "",
	"selectValues": null,
	"sla": 0,
	"system": false,
	"systemAssociatedTypes": null,
	"threshold": 72,
	"type": "date",
	"unmapped": false,
	"unsearchable": false,
	"useAsKpi": false,
	"validationRegex": "",
	"version": -1
}