{
	"fromVersion": "5.0.0",
	"id": "incident_previouscountry",
	"version": -1,
	"modified": "2019-11-17T14:57:22.426844486Z",
	"name": "Previous Country",
	"ownerOnly": false,
	"placeholder": "",
	"description": "The country from which the user previously logged in.",
	"cliName": "previouscountry",
	"type": "shortText",
	"closeForm": false,
	"editForm": true,
	"required": false,
	"script": "",
	"fieldCalcScript": "",
	"neverSetAsRequired": false,
	"isReadOnly": false,
	"selectValues": null,
	"useAsKpi": true,
	"locked": false,
	"system": false,
	"content": true,
	"group": 0,
	"hidden": false,
	"associatedTypes": [
		"Impossible Traveler"
	],
	"systemAssociatedTypes": null,
	"associatedToAll": false,
	"unmapped": false,
	"unsearchable": false,
	"caseInsensitive": true,
	"columns": null,
	"defaultRows": null,
	"sla": 0,
	"threshold": 72,
	"breachScript": ""
}