{
    "name": "RiskSense",
    "description": "RiskSense is a cloud-based platform that provides vulnerability management and prioritization to measure and control cybersecurity risk.",
    "support": "partner",
    "currentVersion": "1.0.2",
    "author": "RiskSense",
    "url": "https://www.risksense.com",
    "email": "",
    "created": "2020-04-14T00:00:00Z",
    "categories": [
        "Vulnerability Management"
    ],
    "tags": [],
    "useCases": [],
    "keywords": [],
    "githubUser": [
        "crestdatasystems"
    ]
}