{
    "name": "Remedy SR (Beta)",
    "description": "The BMC Service Request Management application enables an IT department and other business departments to easily define available services, publish those services in a service catalog, and automate fulfillment of those services for the user community, enabling users to help themselves.\nThis integration uses SOAP API and supports SRM 9.0 version.",
    "support": "xsoar",
    "currentVersion": "1.0.1",
    "author": "Cortex XSOAR",
    "url": "https://www.paloaltonetworks.com/cortex",
    "email": "",
    "created": "2020-04-14T00:00:00Z",
    "categories": [
        "Case Management"
    ],
    "tags": [],
    "useCases": [],
    "keywords": []
}
