{
    "name": "HelloWorld",
    "description": "This is the Hello World integration for getting started.",
    "support": "community",
    "currentVersion": "1.1.9",
    "author": "Cortex XSOAR",
    "url": "https://www.paloaltonetworks.com/cortex",
    "email": "",
    "created": "2020-03-10T08:37:18Z",
    "certification": "verified",
    "categories": [
        "Utilities"
    ],
    "tags": [],
    "useCases": [],
    "keywords": [],
    "dependencies": {
        "CommonScripts": {
            "mandatory": true,
            "display_name": "Common Scripts"
        },
        "CommonPlaybooks": {
            "mandatory": true,
            "display_name": "Common Playbooks"
        }
    }
}