{
    "name": "IronDefense",
    "description": "The IronDefense Integration allows users to interact with IronDefense alerts within Demisto. The Integration provides the ability to rate alerts, update alert statuses, add comments to alerts, and to report observed bad activity.",
    "support": "partner",
    "currentVersion": "1.1.2",
    "author": "Iron Defense",
    "url": "https://ironnet.atlassian.net/servicedesk/customer/portal/4",
    "email": "support@ironnetcybersecurity.com",
    "created": "2020-04-14T00:00:00Z",
    "categories": [
        "Network Security"
    ],
    "tags": [],
    "useCases": [],
    "keywords": []
}
