{
    "name": "FireEye Helix",
    "description": "FireEye Helix is a security operations platform. FireEye Helix integrates security tools and augments them with next-generation SIEM, orchestration and threat intelligence tools such as alert management, search, analysis, investigations and reporting.",
    "support": "xsoar",
    "currentVersion": "1.0.2",
    "author": "Cortex XSOAR",
    "url": "https://www.paloaltonetworks.com/cortex",
    "email": "",
    "created": "2020-04-14T00:00:00Z",
    "categories": [
        "Analytics & SIEM"
    ],
    "tags": [],
    "useCases": [],
    "keywords": []
}