{
    "version": -1,
    "fromVersion": "5.0.0",
    "associatedToAll": false,
    "associatedTypes": [
        "Hello World Alert"
    ],
    "breachScript": "",
    "caseInsensitive": true,
    "cliName": "helloworldid",
    "closeForm": false,
    "columns": null,
    "content": true,
    "defaultRows": null,
    "description": "",
    "editForm": true,
    "fieldCalcScript": "",
    "group": 0,
    "hidden": false,
    "id": "incident_helloworldid",
    "isReadOnly": false,
    "locked": false,
    "name": "Hello World ID",
    "neverSetAsRequired": false,
    "ownerOnly": false,
    "placeholder": "",
    "required": false,
    "script": "",
    "selectValues": null,
    "sla": 0,
    "system": false,
    "systemAssociatedTypes": null,
    "threshold": 72,
    "type": "shortText",
    "unmapped": false,
    "unsearchable": false,
    "useAsKpi": false,
    "validationRegex": ""
}