{
    "fromVersion": "5.0.0",
    "autorun": true,
    "closureScript": "",
    "color": "#80DEEA",
    "days": 0,
    "daysR": 0,
    "default": false,
    "disabled": false,
    "hours": 0,
    "hoursR": 0,
    "id": "Hello World Alert",
    "locked": false,
    "name": "Hello World Alert",
    "playbookId": "Handle Hello World Alert",
    "preProcessingScript": "",
    "readonly": false,
    "reputationCalc": 0,
    "sortValues": null,
    "system": false,
    "version": -1,
    "weeks": 0,
    "weeksR": 0,
    "layout": "Hello World Alert"
}